Название,Описание,Артикул,Цена,Валюта
Bamboo GC-39 Pro Slim Q,Гитара классическая,Арт. 95834,19990.00,RUB
Bamboo GC-39 Keter-SP-Q-F,Гитара классическая,Арт. 96020,23990.00,RUB
Esteve 4ST CD OP,Классическая гитара,Арт. 95566,44990.00,RUB
Admira Sara 3/4,Гитара классическая 3/4,Арт. 95357,18990.00,RUB
Admira Triana,Гитара классическая,Арт. 94518,28990.00,RUB
NF Guitars L-306,Гитара классическая,Арт. 93672,7490.00,RUB
Omni CG-710YS,Гитара классическая,Арт. 93677,19590.00,RUB
Omni CG-534S,Гитара классическая,Арт. 93676,19990.00,RUB
Omni CG-500S,Гитара классическая,Арт. 93675,18990.00,RUB
Omni CG-410,Гитара классическая,Арт. 93674,17990.00,RUB
Omni CG-900S,Гитара классическая,Арт. 93678,37990.00,RUB
Bamboo GCI-39 Pro,Гитара классическая,Арт. 90677,16990.00,RUB
Admira Elsa 3/4,Гитара классическая 3/4,Арт. 90414,14990.00,RUB
Admira Elsa,Гитара классическая,Арт. 90416,15990.00,RUB
Admira Alba Satin,Гитара классическая,Арт. 89492,14990.00,RUB
Godin ETUDE,Гитара классическая,Арт. 83787,69990.00,RUB
Encore ENC44CE BK,Гитара классическая,Арт. 82134,8990.00,RUB
Encore ENC44CE,Гитара классическая,Арт. 82133,8990.00,RUB
Encore ENC44,Гитара классическая,Арт. 82128,6490.00,RUB
Admira Alba 1/2,1/2  классическая гитара,Арт. 72869,14390.00,RUB
Admira Fiesta,Классическая гитара,Арт. 72871,16990.00,RUB
Esteve 4STE CD,Классическая гитара,Арт. 69459,39990.00,RUB
Esteve 4STE SP,Классическая гитара,Арт. 69460,39990.00,RUB
Esteve 4ST SP,Классическая гитара,Арт. 63171,36990.00,RUB
Admira Paloma,Классическая гитара,Арт. 15091,19990.00,RUB
Admira Rosario,Классическая гитара,Арт. 15080,26990.00,RUB
Admira Alba 3/4,Классическая гитара,Арт. 01006,13990.00,RUB
Bamboo GC-39 Nat,Гитара классическая,Арт. 90678,6990.00,RUB
Juan Hernandez Maestro SP + кейс,Гитара классическая,Арт. 95640,469990.00,RUB
NF Guitars L-306 YN,Гитара классическая,Арт. 96276,7490.00,RUB
Manuel Adalid Artista Membrana CD,Гитара классическая,Арт. 96274,500000.00,RUB
Esteve 3 CD OP,Классическая гитара,Арт. 95622,49990.00,RUB
Esteve 1 SP OP,Классическая гитара,Арт. 95621,64990.00,RUB
Esteve 7 SP Sartin,Классическая гитара,Арт. 95635,74989.00,RUB
Esteve 7 CD Satin,Классическая гитара,Арт. 95634,74989.00,RUB
Esteve 5 SP Satin,Классическая гитара,Арт. 95633,66989.00,RUB
Esteve 5 CD Satin,Классическая гитара,Арт. 95632,66989.00,RUB
Esteve 6PS SP Satin,Классическая гитара,Арт. 95631,75990.00,RUB
Esteve 6PS CD Satin,Классическая гитара,Арт. 95630,56989.00,RUB
Esteve 4STE SP OP,Классическая гитара,Арт. 95639,44990.00,RUB
Esteve 4STE CD OP,Классическая гитара,Арт. 95638,44990.00,RUB
Esteve 8 SP,Классическая гитара,Арт. 95637,139990.00,RUB
Esteve 8 CD,Классическая гитара,Арт. 95636,139990.00,RUB
Esteve 3ST53 CD OP,Гитара классическая 1/2,Арт. 95569,59990.00,RUB
Esteve 3ST58 CD OP,Гитара классическая 3/4,Арт. 95568,59990.00,RUB
Esteve 7SM CD OP,Гитара классическая,Арт. 95575,99990.00,RUB
Esteve 1 CD OP,Гитара классическая,Арт. 95570,64990.00,RUB
Admira Alba Pack,Гитара классическая,Арт. 94517,15990.00,RUB
Omni CG-100,Гитара классическая,Арт. 93673,9990.00,RUB
Esteve 9C/ B CD + кейс,Гитара классическая с кейсом,Арт. 93789,219990.00,RUB
Godin CONCERT CW QIT,Классическая электроакустическая гитара,Арт. 83780,136990.00,RUB
Godin Arena Pro CW Bourbon Burst Dual Source EQ,Классическая электроакустическая гитара,Арт. 83778,149990.00,RUB
Terris TC-3805A NA,"Гитара классическая,",Арт. 91675,4830.00,RUB
Esteve 3ST53 CD,Гитара классическая,Арт. 80447,47990.00,RUB
Esteve 3CE CD,Гитара классическая,Арт. 89852,109990.00,RUB
Manuel Adalid Torres,Классическая гитара с кейсом,Арт. 89851,410000.00,RUB
Manuel Adalid Hauser,Классическая гитара с кейсом,Арт. 89850,410000.00,RUB
Manuel Adalid Adalid,Классическая гитара с кейсом,Арт. 89849,339987.00,RUB
Admira Juanita 1/2,Гитара классическая,Арт. 82331,22990.00,RUB
Godin ETUDE QIT,Гитара электроакустическая классическая,Арт. 83782,66989.00,RUB
Admira Sara,Гитара классическая,Арт. 84706,14990.00,RUB
Encore ENC44 BK,Гитара классическая,Арт. 82131,6490.00,RUB
LaPatrie ETUDE LEFT,Гитара для левой руки,Арт. 78938,29990.00,RUB
Esteve 12 SP + Кейс,Классическая гитара,Арт. 75833,224988.00,RUB
Admira A6,Классическая гитара,Арт. 75183,59990.00,RUB
Esteve 7CE CD Satin,Электроакустическая классическая гитара,Арт. 72969,155990.00,RUB
Admira A2-EF,Электроакустическая классическая гитара,Арт. 72913,54990.00,RUB
Admira Malaga-ECF,Электроакустическая классическая гитара,Арт. 72912,56990.00,RUB
Admira Juanita-ECF,Электроакустическая классическая гитара,Арт. 72910,49990.00,RUB
Admira A15,Классическая гитара,Арт. 72905,86990.00,RUB
Juan Hernandez PROFESOR СD + кейс,Классическая гитара,Арт. 71587,199990.00,RUB
Esteve 5 CD,Классическая гитара,Арт. 71278,57989.00,RUB
Admira A1,Гитара классическая,Арт. 64131,43990.00,RUB
Admira A8,Классическая гитара,Арт. 68479,61990.00,RUB
Admira A2,Классическая гитара,Арт. 64132,51990.00,RUB
Esteve 3 CD,Классическая гитара,Арт. 63153,42990.00,RUB
Esteve 3Z SP,Классическая гитара,Арт. 63150,52989.00,RUB
Esteve 4ST CD,Классическая гитара,Арт. 63170,39990.00,RUB
Esteve 1 SP,Классическая гитара,Арт. 63167,49990.00,RUB
Esteve 1 CD,Классическая гитара,Арт. 63166,39990.00,RUB
Esteve 6PS SP,Классическая гитара,Арт. 63156,44990.00,RUB
Esteve 6PS CD,Классическая гитара,Арт. 63155,47990.00,RUB
Esteve 3 SP,Гитара классическая,Арт. 63154,39990.00,RUB
Yamaha C40,Гитара классическая,Арт. 15120,18990.00,RUB
